<?xml version="1.0" encoding="UTF-8"?>
<?jobjacket cls="elsarticle" sty="els-master,bm" mode=""?>
<!DOCTYPE simple-article PUBLIC "-//ES//DTD journal article DTD version 5.7.0//EN//XML" "art570.dtd" [
]>
<simple-article docsubtype="abs" xmlns="http://www.elsevier.com/xml/ja/dtd" xmlns:xlink="http://www.w3.org/1999/xlink" xmlns:ce="http://www.elsevier.com/xml/common/dtd" xmlns:sa="http://www.elsevier.com/xml/common/struct-aff/dtd" xmlns:sb="http://www.elsevier.com/xml/common/struct-bib/dtd">
<?articleinfo volume="000" firstpage="1" online="xxx"?>
<?citethisarticle text="Author&#x2019;s Reply, regarding &#x201C;Comparison of ArtiSential and Conventional Laparoscopic Instruments in Hysterectomy for Gynecologic Cancers: A Hybrid Observational Study on Surgical Outcomes, Pain Control, and Oncologic Safety&#x201D;"?><item-info>
<jid>JMIG</jid>
<aid>5613</aid>
<ce:pii>S1553-4650(25)00295-X</ce:pii>
<ce:doi>10.1016/j.jmig.2025.08.007</ce:doi>
<ce:document-thread>
<ce:refers-to-document id="ref0001">
<ce:pii>S1553-4650(25)00294-8</ce:pii>
<ce:doi>10.1016/j.jmig.2025.07.026</ce:doi>
</ce:refers-to-document>
</ce:document-thread>
<ce:copyright type="unknown" year="2025"/>
</item-info>
<simple-head>
<ce:dochead id="dchd0001">
<ce:textfn id="dhtxt0001">Letter to the Editor</ce:textfn>
</ce:dochead>
<ce:title id="tte0002">Author&#x2019;s Reply, regarding &#x201C;Comparison of ArtiSential and Conventional Laparoscopic Instruments in Hysterectomy for Gynecologic Cancers: A Hybrid Observational Study on Surgical Outcomes, Pain Control, and Oncologic Safety&#x201D;</ce:title>
<ce:author-group id="aut0001">
<ce:author id="au0001">
<ce:given-name>Seongyun</ce:given-name>
<ce:surname>Lim</ce:surname>
<ce:degrees>MD</ce:degrees><ce:cross-ref id="crf0001" refid="aff0001"><ce:sup>a</ce:sup></ce:cross-ref>
</ce:author>
<ce:author id="au0002">
<ce:given-name>Young Eun</ce:given-name>
<ce:surname>Chung</ce:surname>
<ce:degrees>MD</ce:degrees><ce:cross-ref id="crf0002" refid="aff0001"><ce:sup>a</ce:sup></ce:cross-ref>
</ce:author>
<ce:author id="au0003">
<ce:given-name>Jun-Hyeong</ce:given-name>
<ce:surname>Seo</ce:surname>
<ce:degrees>MD</ce:degrees><ce:cross-ref id="crf0003" refid="aff0001"><ce:sup>a</ce:sup></ce:cross-ref>
</ce:author>
<ce:author id="au0004">
<ce:given-name>Chel-Hun</ce:given-name>
<ce:surname>Choi</ce:surname>
<ce:degrees>MD PhD</ce:degrees><ce:cross-ref id="crf0004" refid="aff0001"><ce:sup>a</ce:sup></ce:cross-ref>
</ce:author>
<ce:author id="au0005">
<ce:given-name>Kazuyoshi</ce:given-name>
<ce:surname>Kato</ce:surname>
<ce:degrees>MD PhD</ce:degrees><ce:cross-ref id="crf0005" refid="aff0002"><ce:sup>b</ce:sup></ce:cross-ref>
</ce:author>
<ce:author id="au0006">
<ce:given-name>Yi-Liang</ce:given-name>
<ce:surname>Lee</ce:surname>
<ce:degrees>MD PhD</ce:degrees><ce:cross-ref id="crf0006" refid="aff0003"><ce:sup>c</ce:sup></ce:cross-ref>
</ce:author>
<ce:author id="au0007">
<ce:given-name>Yu-Li</ce:given-name>
<ce:surname>Chen</ce:surname>
<ce:degrees>MD PhD</ce:degrees><ce:cross-ref id="crf0007" refid="aff0004"><ce:sup>d</ce:sup></ce:cross-ref>
</ce:author>
<ce:author id="au0008">
<ce:given-name>Yoo-Young</ce:given-name>
<ce:surname>Lee</ce:surname>
<ce:degrees>MD PhD</ce:degrees><ce:cross-ref id="crf0008" refid="aff0001"><ce:sup>a</ce:sup></ce:cross-ref><ce:cross-ref id="crf0009" refid="cor0001"><ce:sup>&#x204E;</ce:sup></ce:cross-ref>
<ce:e-address id="ead0001" type="email" xlink:href="mailto:yooyoung.lee@samsung.com">yooyoung.lee@samsung.com</ce:e-address>
</ce:author>
<ce:affiliation id="aff0001">
<ce:label>a</ce:label>
<ce:textfn id="cetextfn0001">Gynecologic Cancer Center, Department of Obstetrics and Gynecology, Samsung Medical Center, Sungkyunkwan University School of Medicine, Seoul, South Korea</ce:textfn>
<sa:affiliation>
<sa:organization>Gynecologic Cancer Center</sa:organization>
<sa:organization>Department of Obstetrics and Gynecology</sa:organization>
<sa:organization>Samsung Medical Center</sa:organization>
<sa:organization>Sungkyunkwan University School of Medicine</sa:organization>
<sa:city>Seoul</sa:city>
<sa:country iso3166-1-alpha-3="KOR">South Korea</sa:country>
</sa:affiliation>
<ce:source-text id="staff0001">aGynecologic Cancer Center, Department of Obstetrics and Gynecology, Samsung Medical Center, Sungkyunkwan University School of Medicine, Seoul, South Korea</ce:source-text>
</ce:affiliation>
<ce:affiliation id="aff0002">
<ce:label>b</ce:label>
<ce:textfn id="cetextfn0002">Kitasato University School of Medicine, Japan</ce:textfn>
<sa:affiliation>
<sa:organization>Kitasato University School of Medicine</sa:organization>
<sa:country iso3166-1-alpha-3="JPN">Japan</sa:country>
</sa:affiliation>
<ce:source-text id="staff0002">bKitasato University School of Medicine, Japan</ce:source-text>
</ce:affiliation>
<ce:affiliation id="aff0003">
<ce:label>c</ce:label>
<ce:textfn id="cetextfn0003">Tri-Service General Hospital, Taiwan</ce:textfn>
<sa:affiliation>
<sa:organization>Tri-Service General Hospital</sa:organization>
<sa:country iso3166-1-alpha-3="TWN">Taiwan</sa:country>
</sa:affiliation>
<ce:source-text id="staff0003">cTri-Service General Hospital, Taiwan</ce:source-text>
</ce:affiliation>
<ce:affiliation id="aff0004">
<ce:label>d</ce:label>
<ce:textfn id="cetextfn0004">College of Medicine, National Taiwan University, Taiwan</ce:textfn>
<sa:affiliation>
<sa:organization>College of Medicine</sa:organization>
<sa:organization>National Taiwan University</sa:organization>
<sa:country iso3166-1-alpha-3="TWN">Taiwan</sa:country>
</sa:affiliation>
<ce:source-text id="staff0004">dCollege of Medicine, National Taiwan University, Taiwan</ce:source-text>
</ce:affiliation>
<ce:correspondence id="cor0001"><ce:label>&#x204E;</ce:label><ce:text id="cetext0001">Corresponding Author: Yoo-Young Lee, MD, PhD, 81, Irwon-ro, Gangnam-gu, Seoul, South Korea, Phone: &#x002B;82-10-4999-4416</ce:text><sa:affiliation><sa:address-line>81, Irwon-ro, Gangnam-gu</sa:address-line><sa:city>Seoul</sa:city><sa:country iso3166-1-alpha-3="KOR">South Korea</sa:country></sa:affiliation></ce:correspondence>
</ce:author-group>
<!--date Galley:wpv8e/sCSm9MPzJnkJ+wJ5CqlTt6+hY0-->
</simple-head>
<body>
<ce:sections>
<ce:para id="para0001">Dear Editor,</ce:para>
<ce:para id="para0002">We thank Dr. Zhang and colleagues for their thoughtful comments on our recently published article. We are grateful for the opportunity to respond and appreciate their constructive feedback. Below we address their points in turn.</ce:para>
<ce:section id="sec0001">
<ce:section-title id="cesectitle0002">Stratification of hysterectomy types</ce:section-title>
<ce:para id="para0003">We agree that including total, radical, and laparoscopy-assisted vaginal hysterectomies without stratification may introduce procedural heterogeneity. As acknowledged in our original manuscript, although the ArtiSential device may be used across various hysterectomy types, it is typically employed during specific procedural steps such as colpotomy and vault suturing. In our prospective ArtiSential cohort, these step-specific times were collected; however, such granular data were not available in the retrospective conventional laparoscopy group. Thus, we were limited to comparing total operative times. We fully agree that future prospective studies with matched surgical procedures and step-specific operative time data will provide more precise comparisons.</ce:para>
</ce:section>
<ce:section id="sec0002">
<ce:section-title id="cesectitle0003">Surgeon variability and experience</ce:section-title>
<ce:para id="para0004">In the ArtiSential group, two surgeons performed 44 cases (18 and 26 cases, respectively). Both had performed more than 15 ArtiSential surgeries before participating in this study and had completed pre-study box training, consistent with the published learning curve<ce:cross-ref id="crf0010" refid="bib0001"><ce:sup>1</ce:sup></ce:cross-ref>. As stated in our article, all participating surgeons were experienced gynecologic oncologists with over 15 years of laparoscopic surgical experience, and each performed over 200 hysterectomies annually. The same two surgeons also contributed to the conventional laparoscopy group, along with two additional surgeons of similar experience and volume. Although we recognize that differences in individual technique and case complexity could affect operative time, we believe this reflects real-world surgical practice. In multicenter observational studies, such heterogeneity may enhance rather than diminish the generalizability of findings.</ce:para>
</ce:section>
<ce:section id="sec0003">
<ce:section-title id="cesectitle0004">Postoperative pain assessment</ce:section-title>
<ce:para id="para0005">We appreciate the authors&#x2019; observation regarding pain assessment. In our study setting, all patients received standardized postoperative analgesia per institutional ERAS (enhanced recovery after surgery) protocols: preoperative NSAIDs/acetaminophen, intravenous PCA (patient-controlled analgesia) with fentanyl in the recovery room, and scheduled NSAIDs/acetaminophen thereafter. Postoperative pain was assessed upon return to the ward using the NRS scale. We evaluated the incidence of moderate-to-severe pain despite these uniform measures. However, we acknowledge that our analysis did not include additional opioid consumption beyond the ERAS protocol, and that a single timepoint assessment may not capture dynamic pain patterns. Future studies will incorporate longitudinal pain evaluations and analgesic use data to better characterize postoperative discomfort.</ce:para>
<ce:para id="para0006">Once again, we appreciate the valuable feedback from Dr. Zhang and colleagues. We hope this response provides clarification and further context to our study, and we welcome continued dialogue on this evolving area of surgical innovation.</ce:para>
<ce:para id="para0007">Sincerely,</ce:para>
<ce:para id="para0008">Yoo-Young Lee, MD, PhD (on behalf of all authors)</ce:para>
</ce:section>
</ce:sections>
<ce:conflict-of-interest id="coi0001">
<ce:section-title id="cesectitle0005">Declaration of competing interest</ce:section-title>
<ce:para id="para0009">The authors declare no conflicts of interest related to this correspondence.</ce:para>
</ce:conflict-of-interest>
</body>
<simple-tail>
<ce:bibliography id="cebibl1">
<ce:section-title id="cesectitle0006">Reference</ce:section-title>
<ce:bibliography-sec id="cebibsec1">
<?att type="article"?><ce:bib-reference id="bib0001">
<ce:label>1</ce:label>
<sb:reference id="sbref0001">
<sb:contribution>
<sb:authors>
<sb:author>
<ce:given-name>S.</ce:given-name>
<ce:surname>Kim</ce:surname>
</sb:author>
<sb:author>
<ce:given-name>J.</ce:given-name>
<ce:surname>Lee</ce:surname>
</sb:author>
<sb:author>
<ce:given-name>H.K.</ce:given-name>
<ce:surname>Oh</ce:surname>
</sb:author>
<sb:et-al/>
</sb:authors>
<sb:title>
<sb:maintitle>Short-term outcomes and the learning curve for laparoscopic right hemicolectomy using the ArtiSential: a multicenter pooled analysis</sb:maintitle>
</sb:title>
</sb:contribution>
<sb:host>
<sb:issue>
<sb:series>
<sb:title>
<sb:maintitle>Surg Endosc</sb:maintitle>
</sb:title>
</sb:series>
<sb:date>Mar 20 2025</sb:date>
</sb:issue>
<ce:doi>10.1007/s00464-025-11670-z</ce:doi>
</sb:host>
</sb:reference>
<ce:source-text id="srctxt0001">Kim S, Lee J, Oh HK, et al. Short-term outcomes and the learning curve for laparoscopic right hemicolectomy using the ArtiSential: a multicenter pooled analysis. Surg Endosc. Mar 20 2025;doi:10.1007/s00464-025-11670-z</ce:source-text>
</ce:bib-reference>
</ce:bibliography-sec>
</ce:bibliography>
</simple-tail>
</simple-article>