<?xml version = '1.0' encoding = 'UTF-8'?>
<?xml-stylesheet type="text/xsl" href="ptsiiiorder.xsl" ?><!DOCTYPE orders SYSTEM "ptsiiiorder155.dtd">
<orders>
   <order>
      <time day="09" month="08" yr="2025" hr="00" min="38" sec="28"/>
      <po-number>T11744251</po-number>
      <due-date>
         <time day="13" month="08" yr="2025" hr="00" min="01" sec="28"/>
      </due-date>
      <prod-site>ESEO - Elsevier Journals</prod-site>
      <opco>OCUS - Operating Company Elsevier Inc.</opco>
      <stage step="S5"/>
      <executor type="TYPESETTER" addressee="yes">
         <exec-code>APTAR</exec-code>
         <exec-name>Aptara Corp.</exec-name>
         <aff>
            <address>A 37, Sector 60</address>
            <zipcode zipcode-pos="AFTERCTY">201301</zipcode>
            <cty>Noida</cty>
            <cny>India</cny>
            <tel>911207182424</tel>
         </aff>
      </executor>
      <executor type="WAREHOUSE" addressee="no">
         <exec-code>TSPSD</exec-code>
         <exec-name>Sheridan Digital</exec-name>
         <aff>
            <address>450 Fame Avenue</address>
            <zipcode zipcode-pos="AFTERCTY">17331</zipcode>
            <cty>Hanover, PA</cty>
            <cny>United States</cny>
         </aff>
      </executor>
      <item-info>
         <version-no>S5.1</version-no>
         <language>English</language>
         <crossmark>no</crossmark>
         <jid>JMIG</jid>
         <issn>1553-4650</issn>
         <aid>5613</aid>
         <pii>S1553-4650(25)00295-X</pii>
         <doi>10.1016/j.jmig.2025.08.007</doi>
         <refers-to-document>
            <pii>S1553-4650(25)00294-8</pii>
            <doi>10.1016/j.jmig.2025.07.026</doi>
            <jid>JMIG</jid>
            <aid>5612</aid>
            <pit>COR</pit>
         </refers-to-document>
         <item-title>Author’s Reply, regarding “Comparison of ArtiSential and Conventional Laparoscopic Instruments in Hysterectomy for Gynecologic Cancers: A Hybrid Observational Study on Surgical Outcomes, Pain Control, and Oncologic Safety”</item-title>
         <section>LE</section>
         <dochead>Letter to the Editor</dochead>
         <eo-item-nr>TJMIG-D-25-00670</eo-item-nr>
         <e-submission-item-nr>JMIG_TJMIG-D-25-00670</e-submission-item-nr>
         <received-date>
            <date day="05" month="08" yr="2025"/>
         </received-date>
         <accept-date>
            <date day="07" month="08" yr="2025"/>
         </accept-date>
         <cpc>N</cpc>
         <in-scope-cpc type="N"/>
         <prd-type-as-sent>FTC</prd-type-as-sent>
         <milestone type="COMPLETE"/>
         <online-version type="print"/>
         <pit>COR</pit>
         <no-mns-pages>3</no-mns-pages>
         <no-phys-figs>0</no-phys-figs>
         <no-bw-figs>0</no-bw-figs>
         <no-web-colour-figs>0</no-web-colour-figs>
         <no-colour-figs>0</no-colour-figs>
         <no-e-components>0</no-e-components>
         <righthand-start>N</righthand-start>
         <copyright-status>001</copyright-status>
         <first-author>
            <degree>Dr.</degree>
            <fnm>Seongyun</fnm>
            <snm>Lim</snm>
         </first-author>
         <corr-author>
            <degree>Dr.</degree>
            <fnm>Yooyoung</fnm>
            <snm>Lee</snm>
            <aff>
               <organization>Sungkyunkwan University School of Medicine</organization>
               <institute>Department of Obstetrics and Gynecology</institute>
               <inst-contd>Gynecologic Cancer Center, Samsung Medical Center</inst-contd>
               <address>81, Irwon-ro, Gangnam-gu</address>
               <cty>Seoul</cty>
               <cny>Korea, Republic of</cny>
               <tel>+82-10-4999-4416</tel>
               <ead>yooyoung.lee@samsung.com</ead>
            </aff>
         </corr-author>
         <item-remarks>
            <item-remark>
               <remark-type>Quick Transmittal</remark-type>
               <remark>MBS_IFACE 07-AUG-25
        Dochead unknown in PTS for PIT COR
        </remark>
               <response/>
            </item-remark>
            <item-remark>
               <remark-type>Editorial</remark-type>
               <remark>MBS_IFACE 07-AUG-25
          Section Code: LE
This reply should be published with LTE – MS# TJMIG-D-25-00637
 
CE Level information received is 2FE
        </remark>
               <response/>
            </item-remark>
         </item-remarks>
         <revised-proof>N</revised-proof>
         <offprint-payment payment="no"/>
      </item-info>
   </order>
</orders>